{"mse": 0.7746609872054072, "r2": 0.22601733708069782}